Date,Price,Quantity Sold,exterior,rarity
Sep 22 2021 01: +0,0.854,13937,Field-Tested,Mil-Spec Grade
Sep 23 2021 01: +0,0.837,9292,Field-Tested,Mil-Spec Grade
Sep 24 2021 01: +0,0.677,6818,Field-Tested,Mil-Spec Grade
Sep 25 2021 01: +0,0.583,6784,Field-Tested,Mil-Spec Grade
Sep 26 2021 01: +0,0.575,5306,Field-Tested,Mil-Spec Grade
Sep 27 2021 01: +0,0.594,4642,Field-Tested,Mil-Spec Grade
Sep 28 2021 01: +0,0.564,4471,Field-Tested,Mil-Spec Grade
Sep 29 2021 01: +0,0.596,9652,Field-Tested,Mil-Spec Grade
Sep 30 2021 01: +0,0.649,6212,Field-Tested,Mil-Spec Grade
Oct 01 2021 01: +0,0.608,4539,Field-Tested,Mil-Spec Grade
Oct 02 2021 01: +0,0.603,4809,Field-Tested,Mil-Spec Grade
Oct 03 2021 01: +0,0.616,4092,Field-Tested,Mil-Spec Grade
Oct 04 2021 01: +0,0.675,3138,Field-Tested,Mil-Spec Grade
Oct 05 2021 01: +0,0.684,4429,Field-Tested,Mil-Spec Grade
Oct 06 2021 01: +0,0.638,7408,Field-Tested,Mil-Spec Grade
Oct 07 2021 01: +0,0.635,6553,Field-Tested,Mil-Spec Grade
Oct 08 2021 01: +0,0.695,5897,Field-Tested,Mil-Spec Grade
Oct 09 2021 01: +0,0.625,4209,Field-Tested,Mil-Spec Grade
Oct 10 2021 01: +0,0.598,3980,Field-Tested,Mil-Spec Grade
Oct 11 2021 01: +0,0.573,3208,Field-Tested,Mil-Spec Grade
Oct 12 2021 01: +0,0.557,3582,Field-Tested,Mil-Spec Grade
Oct 13 2021 01: +0,0.521,6150,Field-Tested,Mil-Spec Grade
Oct 14 2021 01: +0,0.489,4498,Field-Tested,Mil-Spec Grade
Oct 15 2021 01: +0,0.45,3823,Field-Tested,Mil-Spec Grade
Oct 16 2021 01: +0,0.447,4027,Field-Tested,Mil-Spec Grade
Oct 17 2021 01: +0,0.467,3146,Field-Tested,Mil-Spec Grade
Oct 18 2021 01: +0,0.466,2576,Field-Tested,Mil-Spec Grade
Oct 19 2021 01: +0,0.438,3148,Field-Tested,Mil-Spec Grade
Oct 20 2021 01: +0,0.399,5460,Field-Tested,Mil-Spec Grade
Oct 21 2021 01: +0,0.379,4148,Field-Tested,Mil-Spec Grade
Oct 22 2021 01: +0,0.318,5908,Field-Tested,Mil-Spec Grade
Oct 23 2021 01: +0,0.32,3937,Field-Tested,Mil-Spec Grade
Oct 24 2021 01: +0,0.32,2892,Field-Tested,Mil-Spec Grade
Oct 25 2021 01: +0,0.327,2769,Field-Tested,Mil-Spec Grade
Oct 26 2021 01: +0,0.321,3171,Field-Tested,Mil-Spec Grade
Oct 27 2021 01: +0,0.309,5350,Field-Tested,Mil-Spec Grade
Oct 28 2021 01: +0,0.322,3895,Field-Tested,Mil-Spec Grade
Oct 29 2021 01: +0,0.313,3664,Field-Tested,Mil-Spec Grade
Oct 30 2021 01: +0,0.334,3865,Field-Tested,Mil-Spec Grade
Oct 31 2021 01: +0,0.368,3800,Field-Tested,Mil-Spec Grade
Nov 01 2021 01: +0,0.375,3061,Field-Tested,Mil-Spec Grade
Nov 02 2021 01: +0,0.388,3671,Field-Tested,Mil-Spec Grade
Nov 03 2021 01: +0,0.371,6384,Field-Tested,Mil-Spec Grade
Nov 04 2021 01: +0,0.38,4594,Field-Tested,Mil-Spec Grade
Nov 05 2021 01: +0,0.398,4803,Field-Tested,Mil-Spec Grade
Nov 06 2021 01: +0,0.403,3843,Field-Tested,Mil-Spec Grade
Nov 07 2021 01: +0,0.404,3816,Field-Tested,Mil-Spec Grade
Nov 08 2021 01: +0,0.403,3263,Field-Tested,Mil-Spec Grade
Nov 09 2021 01: +0,0.408,3328,Field-Tested,Mil-Spec Grade
Nov 10 2021 01: +0,0.377,8774,Field-Tested,Mil-Spec Grade
Nov 11 2021 01: +0,0.348,5772,Field-Tested,Mil-Spec Grade
Nov 12 2021 01: +0,0.353,5214,Field-Tested,Mil-Spec Grade
Nov 13 2021 01: +0,0.375,4732,Field-Tested,Mil-Spec Grade
Nov 14 2021 01: +0,0.368,3659,Field-Tested,Mil-Spec Grade
Nov 15 2021 01: +0,0.399,2884,Field-Tested,Mil-Spec Grade
Nov 16 2021 01: +0,0.431,3580,Field-Tested,Mil-Spec Grade
Nov 17 2021 01: +0,0.404,6221,Field-Tested,Mil-Spec Grade
Nov 18 2021 01: +0,0.412,5358,Field-Tested,Mil-Spec Grade
Nov 19 2021 01: +0,0.403,4408,Field-Tested,Mil-Spec Grade
Nov 20 2021 01: +0,0.377,4081,Field-Tested,Mil-Spec Grade
Nov 21 2021 01: +0,0.377,3634,Field-Tested,Mil-Spec Grade
Nov 22 2021 01: +0,0.385,3396,Field-Tested,Mil-Spec Grade
Nov 23 2021 01: +0,0.387,3314,Field-Tested,Mil-Spec Grade
Nov 24 2021 01: +0,0.379,6243,Field-Tested,Mil-Spec Grade
Nov 25 2021 01: +0,0.372,5244,Field-Tested,Mil-Spec Grade
Nov 26 2021 01: +0,0.359,4581,Field-Tested,Mil-Spec Grade
Nov 27 2021 01: +0,0.36,4437,Field-Tested,Mil-Spec Grade
Nov 28 2021 01: +0,0.352,3771,Field-Tested,Mil-Spec Grade
Nov 29 2021 01: +0,0.352,3445,Field-Tested,Mil-Spec Grade
Nov 30 2021 01: +0,0.35,5185,Field-Tested,Mil-Spec Grade
Dec 01 2021 01: +0,0.34,7508,Field-Tested,Mil-Spec Grade
Dec 02 2021 01: +0,0.332,4414,Field-Tested,Mil-Spec Grade
Dec 03 2021 01: +0,0.349,4214,Field-Tested,Mil-Spec Grade
Dec 04 2021 01: +0,0.357,3953,Field-Tested,Mil-Spec Grade
Dec 05 2021 01: +0,0.372,4479,Field-Tested,Mil-Spec Grade
Dec 06 2021 01: +0,0.381,2985,Field-Tested,Mil-Spec Grade
Dec 07 2021 01: +0,0.4,3821,Field-Tested,Mil-Spec Grade
Dec 08 2021 01: +0,0.393,5994,Field-Tested,Mil-Spec Grade
Dec 09 2021 01: +0,0.394,4685,Field-Tested,Mil-Spec Grade
Dec 10 2021 01: +0,0.398,4237,Field-Tested,Mil-Spec Grade
Dec 11 2021 01: +0,0.397,4183,Field-Tested,Mil-Spec Grade
Dec 12 2021 01: +0,0.393,3611,Field-Tested,Mil-Spec Grade
Dec 13 2021 01: +0,0.393,2542,Field-Tested,Mil-Spec Grade
Dec 14 2021 01: +0,0.396,3088,Field-Tested,Mil-Spec Grade
Dec 15 2021 01: +0,0.385,6081,Field-Tested,Mil-Spec Grade
Dec 16 2021 01: +0,0.368,4560,Field-Tested,Mil-Spec Grade
Dec 17 2021 01: +0,0.382,3460,Field-Tested,Mil-Spec Grade
Dec 18 2021 01: +0,0.363,4233,Field-Tested,Mil-Spec Grade
Dec 19 2021 01: +0,0.343,3572,Field-Tested,Mil-Spec Grade
Dec 20 2021 01: +0,0.347,2901,Field-Tested,Mil-Spec Grade
Dec 21 2021 01: +0,0.375,3541,Field-Tested,Mil-Spec Grade
Dec 22 2021 01: +0,0.377,5541,Field-Tested,Mil-Spec Grade
Dec 23 2021 01: +0,0.389,4560,Field-Tested,Mil-Spec Grade
Dec 24 2021 01: +0,0.402,4402,Field-Tested,Mil-Spec Grade
Dec 25 2021 01: +0,0.404,4084,Field-Tested,Mil-Spec Grade
Dec 26 2021 01: +0,0.558,11951,Field-Tested,Mil-Spec Grade
Dec 27 2021 01: +0,0.647,9717,Field-Tested,Mil-Spec Grade
Dec 28 2021 01: +0,0.604,6598,Field-Tested,Mil-Spec Grade
Dec 29 2021 01: +0,0.473,8652,Field-Tested,Mil-Spec Grade
Dec 30 2021 01: +0,0.431,5818,Field-Tested,Mil-Spec Grade
Dec 31 2021 01: +0,0.432,4175,Field-Tested,Mil-Spec Grade
Jan 01 2022 01: +0,0.427,4928,Field-Tested,Mil-Spec Grade
Jan 02 2022 01: +0,0.434,4421,Field-Tested,Mil-Spec Grade
Jan 03 2022 01: +0,0.438,4473,Field-Tested,Mil-Spec Grade
Jan 04 2022 01: +0,0.432,5192,Field-Tested,Mil-Spec Grade
Jan 05 2022 01: +0,0.405,9397,Field-Tested,Mil-Spec Grade
Jan 06 2022 01: +0,0.42,6207,Field-Tested,Mil-Spec Grade
Jan 07 2022 01: +0,0.442,5289,Field-Tested,Mil-Spec Grade
Jan 08 2022 01: +0,0.44,4654,Field-Tested,Mil-Spec Grade
Jan 09 2022 01: +0,0.438,4527,Field-Tested,Mil-Spec Grade
Jan 10 2022 01: +0,0.427,3964,Field-Tested,Mil-Spec Grade
Jan 11 2022 01: +0,0.435,3966,Field-Tested,Mil-Spec Grade
Jan 12 2022 01: +0,0.432,3896,Field-Tested,Mil-Spec Grade
Jan 13 2022 01: +0,0.443,3794,Field-Tested,Mil-Spec Grade
Jan 14 2022 01: +0,0.44,3672,Field-Tested,Mil-Spec Grade
Jan 15 2022 01: +0,0.453,3860,Field-Tested,Mil-Spec Grade
Jan 16 2022 01: +0,0.456,3713,Field-Tested,Mil-Spec Grade
Jan 17 2022 01: +0,0.456,3042,Field-Tested,Mil-Spec Grade
Jan 18 2022 01: +0,0.456,3219,Field-Tested,Mil-Spec Grade
Jan 19 2022 01: +0,0.453,3106,Field-Tested,Mil-Spec Grade
Jan 20 2022 01: +0,0.466,2917,Field-Tested,Mil-Spec Grade
Jan 21 2022 01: +0,0.45,3804,Field-Tested,Mil-Spec Grade
Jan 22 2022 01: +0,0.44,4251,Field-Tested,Mil-Spec Grade
Jan 23 2022 01: +0,0.449,4441,Field-Tested,Mil-Spec Grade
Jan 24 2022 01: +0,0.438,3271,Field-Tested,Mil-Spec Grade
Jan 25 2022 01: +0,0.453,3399,Field-Tested,Mil-Spec Grade
Jan 26 2022 01: +0,0.445,3335,Field-Tested,Mil-Spec Grade
Jan 27 2022 01: +0,0.443,3289,Field-Tested,Mil-Spec Grade
Jan 28 2022 01: +0,0.441,3580,Field-Tested,Mil-Spec Grade
Jan 29 2022 01: +0,0.443,3648,Field-Tested,Mil-Spec Grade
Jan 30 2022 01: +0,0.437,3639,Field-Tested,Mil-Spec Grade
Jan 31 2022 01: +0,0.448,3914,Field-Tested,Mil-Spec Grade
Feb 01 2022 01: +0,0.444,3376,Field-Tested,Mil-Spec Grade
Feb 02 2022 01: +0,0.445,3563,Field-Tested,Mil-Spec Grade
Feb 03 2022 01: +0,0.449,1334,Field-Tested,Mil-Spec Grade
Feb 03 2022 14: +0,0.444,147,Field-Tested,Mil-Spec Grade
Feb 03 2022 15: +0,0.451,163,Field-Tested,Mil-Spec Grade
Feb 03 2022 16: +0,0.441,169,Field-Tested,Mil-Spec Grade
Feb 03 2022 17: +0,0.441,147,Field-Tested,Mil-Spec Grade
Feb 03 2022 18: +0,0.441,193,Field-Tested,Mil-Spec Grade
Feb 03 2022 19: +0,0.45,226,Field-Tested,Mil-Spec Grade
Feb 03 2022 20: +0,0.441,133,Field-Tested,Mil-Spec Grade
Feb 03 2022 21: +0,0.455,205,Field-Tested,Mil-Spec Grade
Feb 03 2022 22: +0,0.457,119,Field-Tested,Mil-Spec Grade
Feb 03 2022 23: +0,0.459,173,Field-Tested,Mil-Spec Grade
Feb 04 2022 00: +0,0.465,125,Field-Tested,Mil-Spec Grade
Feb 04 2022 01: +0,0.444,75,Field-Tested,Mil-Spec Grade
Feb 04 2022 02: +0,0.459,52,Field-Tested,Mil-Spec Grade
Feb 04 2022 03: +0,0.484,45,Field-Tested,Mil-Spec Grade
Feb 04 2022 04: +0,0.478,44,Field-Tested,Mil-Spec Grade
Feb 04 2022 05: +0,0.457,37,Field-Tested,Mil-Spec Grade
Feb 04 2022 06: +0,0.457,58,Field-Tested,Mil-Spec Grade
Feb 04 2022 07: +0,0.472,54,Field-Tested,Mil-Spec Grade
Feb 04 2022 08: +0,0.457,84,Field-Tested,Mil-Spec Grade
Feb 04 2022 09: +0,0.444,102,Field-Tested,Mil-Spec Grade
Feb 04 2022 10: +0,0.457,160,Field-Tested,Mil-Spec Grade
Feb 04 2022 11: +0,0.444,101,Field-Tested,Mil-Spec Grade
Feb 04 2022 12: +0,0.444,145,Field-Tested,Mil-Spec Grade
Feb 04 2022 13: +0,0.444,140,Field-Tested,Mil-Spec Grade
Feb 04 2022 14: +0,0.444,132,Field-Tested,Mil-Spec Grade
Feb 04 2022 15: +0,0.433,127,Field-Tested,Mil-Spec Grade
Feb 04 2022 16: +0,0.444,183,Field-Tested,Mil-Spec Grade
Feb 04 2022 17: +0,0.455,143,Field-Tested,Mil-Spec Grade
Feb 04 2022 18: +0,0.452,148,Field-Tested,Mil-Spec Grade
Feb 04 2022 19: +0,0.457,164,Field-Tested,Mil-Spec Grade
Feb 04 2022 20: +0,0.46,209,Field-Tested,Mil-Spec Grade
Feb 04 2022 21: +0,0.463,180,Field-Tested,Mil-Spec Grade
Feb 04 2022 22: +0,0.446,123,Field-Tested,Mil-Spec Grade
Feb 04 2022 23: +0,0.446,140,Field-Tested,Mil-Spec Grade
Feb 05 2022 00: +0,0.446,78,Field-Tested,Mil-Spec Grade
Feb 05 2022 01: +0,0.457,75,Field-Tested,Mil-Spec Grade
Feb 05 2022 02: +0,0.461,52,Field-Tested,Mil-Spec Grade
Feb 05 2022 03: +0,0.461,52,Field-Tested,Mil-Spec Grade
Feb 05 2022 04: +0,0.461,64,Field-Tested,Mil-Spec Grade
Feb 05 2022 05: +0,0.457,55,Field-Tested,Mil-Spec Grade
Feb 05 2022 06: +0,0.459,46,Field-Tested,Mil-Spec Grade
Feb 05 2022 07: +0,0.457,59,Field-Tested,Mil-Spec Grade
Feb 05 2022 08: +0,0.457,59,Field-Tested,Mil-Spec Grade
Feb 05 2022 09: +0,0.46,122,Field-Tested,Mil-Spec Grade
Feb 05 2022 10: +0,0.457,81,Field-Tested,Mil-Spec Grade
Feb 05 2022 11: +0,0.457,107,Field-Tested,Mil-Spec Grade
Feb 05 2022 12: +0,0.47,139,Field-Tested,Mil-Spec Grade
Feb 05 2022 13: +0,0.459,118,Field-Tested,Mil-Spec Grade
Feb 05 2022 14: +0,0.457,160,Field-Tested,Mil-Spec Grade
Feb 05 2022 15: +0,0.473,209,Field-Tested,Mil-Spec Grade
Feb 05 2022 16: +0,0.464,180,Field-Tested,Mil-Spec Grade
Feb 05 2022 17: +0,0.459,174,Field-Tested,Mil-Spec Grade
Feb 05 2022 18: +0,0.459,215,Field-Tested,Mil-Spec Grade
Feb 05 2022 19: +0,0.473,197,Field-Tested,Mil-Spec Grade
Feb 05 2022 20: +0,0.472,250,Field-Tested,Mil-Spec Grade
Feb 05 2022 21: +0,0.46,139,Field-Tested,Mil-Spec Grade
Feb 05 2022 22: +0,0.459,174,Field-Tested,Mil-Spec Grade
Feb 05 2022 23: +0,0.457,110,Field-Tested,Mil-Spec Grade
Feb 06 2022 00: +0,0.462,110,Field-Tested,Mil-Spec Grade
Feb 06 2022 01: +0,0.473,74,Field-Tested,Mil-Spec Grade
Feb 06 2022 02: +0,0.459,103,Field-Tested,Mil-Spec Grade
Feb 06 2022 03: +0,0.46,57,Field-Tested,Mil-Spec Grade
Feb 06 2022 04: +0,0.453,70,Field-Tested,Mil-Spec Grade
Feb 06 2022 05: +0,0.459,117,Field-Tested,Mil-Spec Grade
Feb 06 2022 06: +0,0.489,88,Field-Tested,Mil-Spec Grade
Feb 06 2022 07: +0,0.48,60,Field-Tested,Mil-Spec Grade
Feb 06 2022 08: +0,0.465,44,Field-Tested,Mil-Spec Grade
Feb 06 2022 09: +0,0.457,89,Field-Tested,Mil-Spec Grade
Feb 06 2022 10: +0,0.47,106,Field-Tested,Mil-Spec Grade
Feb 06 2022 11: +0,0.47,144,Field-Tested,Mil-Spec Grade
Feb 06 2022 12: +0,0.469,138,Field-Tested,Mil-Spec Grade
Feb 06 2022 13: +0,0.457,190,Field-Tested,Mil-Spec Grade
Feb 06 2022 14: +0,0.469,166,Field-Tested,Mil-Spec Grade
Feb 06 2022 15: +0,0.47,139,Field-Tested,Mil-Spec Grade
Feb 06 2022 16: +0,0.473,255,Field-Tested,Mil-Spec Grade
Feb 06 2022 17: +0,0.46,140,Field-Tested,Mil-Spec Grade
Feb 06 2022 18: +0,0.46,177,Field-Tested,Mil-Spec Grade
Feb 06 2022 19: +0,0.457,151,Field-Tested,Mil-Spec Grade
Feb 06 2022 20: +0,0.457,229,Field-Tested,Mil-Spec Grade
Feb 06 2022 21: +0,0.47,177,Field-Tested,Mil-Spec Grade
Feb 06 2022 22: +0,0.469,145,Field-Tested,Mil-Spec Grade
Feb 06 2022 23: +0,0.457,116,Field-Tested,Mil-Spec Grade
Feb 07 2022 00: +0,0.457,192,Field-Tested,Mil-Spec Grade
Feb 07 2022 01: +0,0.459,69,Field-Tested,Mil-Spec Grade
Feb 07 2022 02: +0,0.459,83,Field-Tested,Mil-Spec Grade
Feb 07 2022 03: +0,0.458,36,Field-Tested,Mil-Spec Grade
Feb 07 2022 04: +0,0.457,41,Field-Tested,Mil-Spec Grade
Feb 07 2022 05: +0,0.459,40,Field-Tested,Mil-Spec Grade
Feb 07 2022 06: +0,0.459,57,Field-Tested,Mil-Spec Grade
Feb 07 2022 07: +0,0.459,37,Field-Tested,Mil-Spec Grade
Feb 07 2022 08: +0,0.471,79,Field-Tested,Mil-Spec Grade
Feb 07 2022 09: +0,0.46,102,Field-Tested,Mil-Spec Grade
Feb 07 2022 10: +0,0.46,98,Field-Tested,Mil-Spec Grade
Feb 07 2022 11: +0,0.463,139,Field-Tested,Mil-Spec Grade
Feb 07 2022 12: +0,0.459,110,Field-Tested,Mil-Spec Grade
Feb 07 2022 13: +0,0.459,175,Field-Tested,Mil-Spec Grade
Feb 07 2022 14: +0,0.459,129,Field-Tested,Mil-Spec Grade
Feb 07 2022 15: +0,0.459,130,Field-Tested,Mil-Spec Grade
Feb 07 2022 16: +0,0.459,145,Field-Tested,Mil-Spec Grade
Feb 07 2022 17: +0,0.459,159,Field-Tested,Mil-Spec Grade
Feb 07 2022 18: +0,0.459,151,Field-Tested,Mil-Spec Grade
Feb 07 2022 19: +0,0.457,187,Field-Tested,Mil-Spec Grade
Feb 07 2022 20: +0,0.472,259,Field-Tested,Mil-Spec Grade
Feb 07 2022 21: +0,0.457,135,Field-Tested,Mil-Spec Grade
Feb 07 2022 22: +0,0.457,141,Field-Tested,Mil-Spec Grade
Feb 07 2022 23: +0,0.457,86,Field-Tested,Mil-Spec Grade
Feb 08 2022 00: +0,0.457,88,Field-Tested,Mil-Spec Grade
Feb 08 2022 01: +0,0.457,33,Field-Tested,Mil-Spec Grade
Feb 08 2022 02: +0,0.457,41,Field-Tested,Mil-Spec Grade
Feb 08 2022 03: +0,0.477,41,Field-Tested,Mil-Spec Grade
Feb 08 2022 04: +0,0.457,47,Field-Tested,Mil-Spec Grade
Feb 08 2022 05: +0,0.457,29,Field-Tested,Mil-Spec Grade
Feb 08 2022 06: +0,0.455,20,Field-Tested,Mil-Spec Grade
Feb 08 2022 07: +0,0.457,46,Field-Tested,Mil-Spec Grade
Feb 08 2022 08: +0,0.457,69,Field-Tested,Mil-Spec Grade
Feb 08 2022 09: +0,0.461,117,Field-Tested,Mil-Spec Grade
Feb 08 2022 10: +0,0.463,103,Field-Tested,Mil-Spec Grade
Feb 08 2022 11: +0,0.461,146,Field-Tested,Mil-Spec Grade
Feb 08 2022 12: +0,0.463,98,Field-Tested,Mil-Spec Grade
Feb 08 2022 13: +0,0.461,116,Field-Tested,Mil-Spec Grade
Feb 08 2022 14: +0,0.463,128,Field-Tested,Mil-Spec Grade
Feb 08 2022 15: +0,0.46,149,Field-Tested,Mil-Spec Grade
Feb 08 2022 16: +0,0.457,152,Field-Tested,Mil-Spec Grade
Feb 08 2022 17: +0,0.457,151,Field-Tested,Mil-Spec Grade
Feb 08 2022 18: +0,0.468,193,Field-Tested,Mil-Spec Grade
Feb 08 2022 19: +0,0.457,127,Field-Tested,Mil-Spec Grade
Feb 08 2022 20: +0,0.457,135,Field-Tested,Mil-Spec Grade
Feb 08 2022 21: +0,0.457,152,Field-Tested,Mil-Spec Grade
Feb 08 2022 22: +0,0.457,107,Field-Tested,Mil-Spec Grade
Feb 08 2022 23: +0,0.457,118,Field-Tested,Mil-Spec Grade
Feb 09 2022 00: +0,0.457,50,Field-Tested,Mil-Spec Grade
Feb 09 2022 01: +0,0.457,76,Field-Tested,Mil-Spec Grade
Feb 09 2022 02: +0,0.457,86,Field-Tested,Mil-Spec Grade
Feb 09 2022 03: +0,0.46,53,Field-Tested,Mil-Spec Grade
Feb 09 2022 04: +0,0.458,44,Field-Tested,Mil-Spec Grade
Feb 09 2022 05: +0,0.445,40,Field-Tested,Mil-Spec Grade
Feb 09 2022 06: +0,0.458,52,Field-Tested,Mil-Spec Grade
Feb 09 2022 07: +0,0.445,100,Field-Tested,Mil-Spec Grade
Feb 09 2022 08: +0,0.448,86,Field-Tested,Mil-Spec Grade
Feb 09 2022 09: +0,0.457,68,Field-Tested,Mil-Spec Grade
Feb 09 2022 10: +0,0.46,109,Field-Tested,Mil-Spec Grade
Feb 09 2022 11: +0,0.457,102,Field-Tested,Mil-Spec Grade
Feb 09 2022 12: +0,0.46,121,Field-Tested,Mil-Spec Grade
Feb 09 2022 13: +0,0.445,119,Field-Tested,Mil-Spec Grade
Feb 09 2022 14: +0,0.445,130,Field-Tested,Mil-Spec Grade
Feb 09 2022 15: +0,0.454,112,Field-Tested,Mil-Spec Grade
Feb 09 2022 16: +0,0.463,201,Field-Tested,Mil-Spec Grade
Feb 09 2022 17: +0,0.46,184,Field-Tested,Mil-Spec Grade
Feb 09 2022 18: +0,0.457,130,Field-Tested,Mil-Spec Grade
Feb 09 2022 19: +0,0.457,138,Field-Tested,Mil-Spec Grade
Feb 09 2022 20: +0,0.457,130,Field-Tested,Mil-Spec Grade
Feb 09 2022 21: +0,0.46,206,Field-Tested,Mil-Spec Grade
Feb 09 2022 22: +0,0.458,117,Field-Tested,Mil-Spec Grade
Feb 09 2022 23: +0,0.458,83,Field-Tested,Mil-Spec Grade
Feb 10 2022 00: +0,0.457,175,Field-Tested,Mil-Spec Grade
Feb 10 2022 01: +0,0.46,100,Field-Tested,Mil-Spec Grade
Feb 10 2022 02: +0,0.458,87,Field-Tested,Mil-Spec Grade
Feb 10 2022 03: +0,0.457,38,Field-Tested,Mil-Spec Grade
Feb 10 2022 04: +0,0.457,39,Field-Tested,Mil-Spec Grade
Feb 10 2022 05: +0,0.457,38,Field-Tested,Mil-Spec Grade
Feb 10 2022 06: +0,0.457,59,Field-Tested,Mil-Spec Grade
Feb 10 2022 07: +0,0.46,41,Field-Tested,Mil-Spec Grade
Feb 10 2022 08: +0,0.46,60,Field-Tested,Mil-Spec Grade
Feb 10 2022 09: +0,0.457,68,Field-Tested,Mil-Spec Grade
Feb 10 2022 10: +0,0.461,88,Field-Tested,Mil-Spec Grade
Feb 10 2022 11: +0,0.457,106,Field-Tested,Mil-Spec Grade
Feb 10 2022 12: +0,0.457,89,Field-Tested,Mil-Spec Grade
Feb 10 2022 13: +0,0.457,296,Field-Tested,Mil-Spec Grade
Feb 10 2022 14: +0,0.457,342,Field-Tested,Mil-Spec Grade
Feb 10 2022 15: +0,0.457,138,Field-Tested,Mil-Spec Grade
Feb 10 2022 16: +0,0.485,247,Field-Tested,Mil-Spec Grade
Feb 10 2022 17: +0,0.467,126,Field-Tested,Mil-Spec Grade
Feb 10 2022 18: +0,0.472,143,Field-Tested,Mil-Spec Grade
Feb 10 2022 19: +0,0.457,149,Field-Tested,Mil-Spec Grade
Feb 10 2022 20: +0,0.457,122,Field-Tested,Mil-Spec Grade
Feb 10 2022 21: +0,0.457,125,Field-Tested,Mil-Spec Grade
Feb 10 2022 22: +0,0.456,108,Field-Tested,Mil-Spec Grade
Feb 10 2022 23: +0,0.456,102,Field-Tested,Mil-Spec Grade
Feb 11 2022 00: +0,0.46,111,Field-Tested,Mil-Spec Grade
Feb 11 2022 01: +0,0.46,131,Field-Tested,Mil-Spec Grade
Feb 11 2022 02: +0,0.479,150,Field-Tested,Mil-Spec Grade
Feb 11 2022 03: +0,0.483,47,Field-Tested,Mil-Spec Grade
Feb 11 2022 04: +0,0.479,62,Field-Tested,Mil-Spec Grade
Feb 11 2022 05: +0,0.47,33,Field-Tested,Mil-Spec Grade
Feb 11 2022 06: +0,0.507,31,Field-Tested,Mil-Spec Grade
Feb 11 2022 07: +0,0.495,54,Field-Tested,Mil-Spec Grade
Feb 11 2022 08: +0,0.47,76,Field-Tested,Mil-Spec Grade
Feb 11 2022 09: +0,0.467,101,Field-Tested,Mil-Spec Grade
Feb 11 2022 10: +0,0.49,183,Field-Tested,Mil-Spec Grade
Feb 11 2022 11: +0,0.467,90,Field-Tested,Mil-Spec Grade
Feb 11 2022 12: +0,0.479,96,Field-Tested,Mil-Spec Grade
Feb 11 2022 13: +0,0.472,201,Field-Tested,Mil-Spec Grade
Feb 11 2022 14: +0,0.48,129,Field-Tested,Mil-Spec Grade
Feb 11 2022 15: +0,0.479,136,Field-Tested,Mil-Spec Grade
Feb 11 2022 16: +0,0.482,133,Field-Tested,Mil-Spec Grade
Feb 11 2022 17: +0,0.482,119,Field-Tested,Mil-Spec Grade
Feb 11 2022 18: +0,0.486,136,Field-Tested,Mil-Spec Grade
Feb 11 2022 19: +0,0.489,239,Field-Tested,Mil-Spec Grade
Feb 11 2022 20: +0,0.479,151,Field-Tested,Mil-Spec Grade
Feb 11 2022 21: +0,0.48,134,Field-Tested,Mil-Spec Grade
Feb 11 2022 22: +0,0.478,147,Field-Tested,Mil-Spec Grade
Feb 11 2022 23: +0,0.48,97,Field-Tested,Mil-Spec Grade
Feb 12 2022 00: +0,0.48,98,Field-Tested,Mil-Spec Grade
Feb 12 2022 01: +0,0.478,61,Field-Tested,Mil-Spec Grade
Feb 12 2022 02: +0,0.487,46,Field-Tested,Mil-Spec Grade
Feb 12 2022 03: +0,0.5,95,Field-Tested,Mil-Spec Grade
Feb 12 2022 04: +0,0.467,28,Field-Tested,Mil-Spec Grade
Feb 12 2022 05: +0,0.49,63,Field-Tested,Mil-Spec Grade
Feb 12 2022 06: +0,0.495,46,Field-Tested,Mil-Spec Grade
Feb 12 2022 07: +0,0.49,57,Field-Tested,Mil-Spec Grade
Feb 12 2022 08: +0,0.49,96,Field-Tested,Mil-Spec Grade
Feb 12 2022 09: +0,0.49,124,Field-Tested,Mil-Spec Grade
Feb 12 2022 10: +0,0.48,88,Field-Tested,Mil-Spec Grade
Feb 12 2022 11: +0,0.467,96,Field-Tested,Mil-Spec Grade
Feb 12 2022 12: +0,0.478,143,Field-Tested,Mil-Spec Grade
Feb 12 2022 13: +0,0.474,137,Field-Tested,Mil-Spec Grade
Feb 12 2022 14: +0,0.478,143,Field-Tested,Mil-Spec Grade
Feb 12 2022 15: +0,0.467,142,Field-Tested,Mil-Spec Grade
Feb 12 2022 16: +0,0.478,179,Field-Tested,Mil-Spec Grade
Feb 12 2022 17: +0,0.474,142,Field-Tested,Mil-Spec Grade
Feb 12 2022 18: +0,0.474,238,Field-Tested,Mil-Spec Grade
Feb 12 2022 19: +0,0.478,166,Field-Tested,Mil-Spec Grade
Feb 12 2022 20: +0,0.478,316,Field-Tested,Mil-Spec Grade
Feb 12 2022 21: +0,0.478,139,Field-Tested,Mil-Spec Grade
Feb 12 2022 22: +0,0.478,113,Field-Tested,Mil-Spec Grade
Feb 12 2022 23: +0,0.475,111,Field-Tested,Mil-Spec Grade
Feb 13 2022 00: +0,0.484,87,Field-Tested,Mil-Spec Grade
Feb 13 2022 01: +0,0.478,51,Field-Tested,Mil-Spec Grade
Feb 13 2022 02: +0,0.49,37,Field-Tested,Mil-Spec Grade
Feb 13 2022 03: +0,0.498,50,Field-Tested,Mil-Spec Grade
Feb 13 2022 04: +0,0.49,43,Field-Tested,Mil-Spec Grade
Feb 13 2022 05: +0,0.49,42,Field-Tested,Mil-Spec Grade
Feb 13 2022 06: +0,0.48,45,Field-Tested,Mil-Spec Grade
Feb 13 2022 07: +0,0.49,33,Field-Tested,Mil-Spec Grade
Feb 13 2022 08: +0,0.49,57,Field-Tested,Mil-Spec Grade
Feb 13 2022 09: +0,0.497,87,Field-Tested,Mil-Spec Grade
Feb 13 2022 10: +0,0.495,99,Field-Tested,Mil-Spec Grade
Feb 13 2022 11: +0,0.487,126,Field-Tested,Mil-Spec Grade
Feb 13 2022 12: +0,0.489,87,Field-Tested,Mil-Spec Grade
Feb 13 2022 13: +0,0.489,160,Field-Tested,Mil-Spec Grade
Feb 13 2022 14: +0,0.498,161,Field-Tested,Mil-Spec Grade
Feb 13 2022 15: +0,0.51,227,Field-Tested,Mil-Spec Grade
Feb 13 2022 16: +0,0.49,146,Field-Tested,Mil-Spec Grade
Feb 13 2022 17: +0,0.48,159,Field-Tested,Mil-Spec Grade
Feb 13 2022 18: +0,0.49,149,Field-Tested,Mil-Spec Grade
Feb 13 2022 19: +0,0.489,109,Field-Tested,Mil-Spec Grade
Feb 13 2022 20: +0,0.498,156,Field-Tested,Mil-Spec Grade
Feb 13 2022 21: +0,0.53,341,Field-Tested,Mil-Spec Grade
Feb 13 2022 22: +0,0.498,96,Field-Tested,Mil-Spec Grade
Feb 13 2022 23: +0,0.49,89,Field-Tested,Mil-Spec Grade
Feb 14 2022 00: +0,0.524,149,Field-Tested,Mil-Spec Grade
Feb 14 2022 01: +0,0.517,54,Field-Tested,Mil-Spec Grade
Feb 14 2022 02: +0,0.52,83,Field-Tested,Mil-Spec Grade
Feb 14 2022 03: +0,0.53,37,Field-Tested,Mil-Spec Grade
Feb 14 2022 04: +0,0.528,67,Field-Tested,Mil-Spec Grade
Feb 14 2022 05: +0,0.528,62,Field-Tested,Mil-Spec Grade
Feb 14 2022 06: +0,0.528,38,Field-Tested,Mil-Spec Grade
Feb 14 2022 07: +0,0.53,128,Field-Tested,Mil-Spec Grade
Feb 14 2022 08: +0,0.53,84,Field-Tested,Mil-Spec Grade
Feb 14 2022 09: +0,0.539,142,Field-Tested,Mil-Spec Grade
Feb 14 2022 10: +0,0.53,101,Field-Tested,Mil-Spec Grade
Feb 14 2022 11: +0,0.53,131,Field-Tested,Mil-Spec Grade
Feb 14 2022 12: +0,0.52,114,Field-Tested,Mil-Spec Grade
Feb 14 2022 13: +0,0.53,147,Field-Tested,Mil-Spec Grade
Feb 14 2022 14: +0,0.52,115,Field-Tested,Mil-Spec Grade
Feb 14 2022 15: +0,0.528,181,Field-Tested,Mil-Spec Grade
Feb 14 2022 16: +0,0.52,127,Field-Tested,Mil-Spec Grade
Feb 14 2022 17: +0,0.51,136,Field-Tested,Mil-Spec Grade
Feb 14 2022 18: +0,0.517,152,Field-Tested,Mil-Spec Grade
Feb 14 2022 19: +0,0.51,150,Field-Tested,Mil-Spec Grade
Feb 14 2022 20: +0,0.51,143,Field-Tested,Mil-Spec Grade
Feb 14 2022 21: +0,0.516,99,Field-Tested,Mil-Spec Grade
Feb 14 2022 22: +0,0.517,95,Field-Tested,Mil-Spec Grade
Feb 14 2022 23: +0,0.51,79,Field-Tested,Mil-Spec Grade
Feb 15 2022 00: +0,0.577,328,Field-Tested,Mil-Spec Grade
Feb 15 2022 01: +0,0.52,37,Field-Tested,Mil-Spec Grade
Feb 15 2022 02: +0,0.533,38,Field-Tested,Mil-Spec Grade
Feb 15 2022 03: +0,0.53,42,Field-Tested,Mil-Spec Grade
Feb 15 2022 04: +0,0.519,31,Field-Tested,Mil-Spec Grade
Feb 15 2022 05: +0,0.519,24,Field-Tested,Mil-Spec Grade
Feb 15 2022 06: +0,0.52,41,Field-Tested,Mil-Spec Grade
Feb 15 2022 07: +0,0.52,45,Field-Tested,Mil-Spec Grade
Feb 15 2022 08: +0,0.52,42,Field-Tested,Mil-Spec Grade
Feb 15 2022 09: +0,0.522,64,Field-Tested,Mil-Spec Grade
Feb 15 2022 10: +0,0.52,87,Field-Tested,Mil-Spec Grade
Feb 15 2022 11: +0,0.523,74,Field-Tested,Mil-Spec Grade
Feb 15 2022 12: +0,0.611,363,Field-Tested,Mil-Spec Grade
Feb 15 2022 13: +0,0.546,149,Field-Tested,Mil-Spec Grade
Feb 15 2022 14: +0,0.53,101,Field-Tested,Mil-Spec Grade
Feb 15 2022 15: +0,0.543,207,Field-Tested,Mil-Spec Grade
Feb 15 2022 16: +0,0.54,115,Field-Tested,Mil-Spec Grade
Feb 15 2022 17: +0,0.54,143,Field-Tested,Mil-Spec Grade
Feb 15 2022 18: +0,0.555,159,Field-Tested,Mil-Spec Grade
Feb 15 2022 19: +0,0.573,117,Field-Tested,Mil-Spec Grade
Feb 15 2022 20: +0,0.54,128,Field-Tested,Mil-Spec Grade
Feb 15 2022 21: +0,0.55,116,Field-Tested,Mil-Spec Grade
Feb 15 2022 22: +0,0.544,64,Field-Tested,Mil-Spec Grade
Feb 15 2022 23: +0,0.529,67,Field-Tested,Mil-Spec Grade
Feb 16 2022 00: +0,0.51,46,Field-Tested,Mil-Spec Grade
Feb 16 2022 01: +0,0.52,46,Field-Tested,Mil-Spec Grade
Feb 16 2022 02: +0,0.519,54,Field-Tested,Mil-Spec Grade
Feb 16 2022 03: +0,0.51,31,Field-Tested,Mil-Spec Grade
Feb 16 2022 04: +0,0.52,31,Field-Tested,Mil-Spec Grade
Feb 16 2022 05: +0,0.539,32,Field-Tested,Mil-Spec Grade
Feb 16 2022 06: +0,0.54,59,Field-Tested,Mil-Spec Grade
Feb 16 2022 07: +0,0.617,100,Field-Tested,Mil-Spec Grade
Feb 16 2022 08: +0,0.582,58,Field-Tested,Mil-Spec Grade
Feb 16 2022 09: +0,0.585,117,Field-Tested,Mil-Spec Grade
Feb 16 2022 10: +0,0.758,369,Field-Tested,Mil-Spec Grade
Feb 16 2022 11: +0,0.593,123,Field-Tested,Mil-Spec Grade
Feb 16 2022 12: +0,0.6,128,Field-Tested,Mil-Spec Grade
Feb 16 2022 13: +0,0.574,146,Field-Tested,Mil-Spec Grade
Feb 16 2022 14: +0,0.58,161,Field-Tested,Mil-Spec Grade
Feb 16 2022 15: +0,0.55,96,Field-Tested,Mil-Spec Grade
Feb 16 2022 16: +0,0.576,141,Field-Tested,Mil-Spec Grade
Feb 16 2022 17: +0,0.572,120,Field-Tested,Mil-Spec Grade
Feb 16 2022 18: +0,0.55,155,Field-Tested,Mil-Spec Grade
Feb 16 2022 19: +0,0.574,138,Field-Tested,Mil-Spec Grade
Feb 16 2022 20: +0,0.578,116,Field-Tested,Mil-Spec Grade
Feb 16 2022 21: +0,0.565,125,Field-Tested,Mil-Spec Grade
Feb 16 2022 22: +0,0.579,113,Field-Tested,Mil-Spec Grade
Feb 16 2022 23: +0,0.565,79,Field-Tested,Mil-Spec Grade
Feb 17 2022 00: +0,0.57,89,Field-Tested,Mil-Spec Grade
Feb 17 2022 01: +0,0.55,52,Field-Tested,Mil-Spec Grade
Feb 17 2022 02: +0,0.567,46,Field-Tested,Mil-Spec Grade
Feb 17 2022 03: +0,0.643,117,Field-Tested,Mil-Spec Grade
Feb 17 2022 04: +0,0.69,50,Field-Tested,Mil-Spec Grade
Feb 17 2022 05: +0,0.581,28,Field-Tested,Mil-Spec Grade
Feb 17 2022 06: +0,0.59,42,Field-Tested,Mil-Spec Grade
Feb 17 2022 07: +0,0.592,46,Field-Tested,Mil-Spec Grade
Feb 17 2022 08: +0,0.605,60,Field-Tested,Mil-Spec Grade
Feb 17 2022 09: +0,0.614,121,Field-Tested,Mil-Spec Grade
Feb 17 2022 10: +0,0.64,146,Field-Tested,Mil-Spec Grade
Feb 17 2022 11: +0,0.627,118,Field-Tested,Mil-Spec Grade
Feb 17 2022 12: +0,0.659,232,Field-Tested,Mil-Spec Grade
Feb 17 2022 13: +0,0.613,162,Field-Tested,Mil-Spec Grade
Feb 17 2022 14: +0,0.601,100,Field-Tested,Mil-Spec Grade
Feb 17 2022 15: +0,0.611,166,Field-Tested,Mil-Spec Grade
Feb 17 2022 16: +0,0.624,120,Field-Tested,Mil-Spec Grade
Feb 17 2022 17: +0,0.624,116,Field-Tested,Mil-Spec Grade
Feb 17 2022 18: +0,0.616,124,Field-Tested,Mil-Spec Grade
Feb 17 2022 19: +0,0.611,130,Field-Tested,Mil-Spec Grade
Feb 17 2022 20: +0,0.62,179,Field-Tested,Mil-Spec Grade
Feb 17 2022 21: +0,0.681,256,Field-Tested,Mil-Spec Grade
Feb 17 2022 22: +0,0.679,113,Field-Tested,Mil-Spec Grade
Feb 17 2022 23: +0,0.61,70,Field-Tested,Mil-Spec Grade
Feb 18 2022 00: +0,0.647,89,Field-Tested,Mil-Spec Grade
Feb 18 2022 01: +0,0.65,47,Field-Tested,Mil-Spec Grade
Feb 18 2022 02: +0,0.647,40,Field-Tested,Mil-Spec Grade
Feb 18 2022 03: +0,0.656,27,Field-Tested,Mil-Spec Grade
Feb 18 2022 04: +0,0.613,38,Field-Tested,Mil-Spec Grade
Feb 18 2022 05: +0,0.62,30,Field-Tested,Mil-Spec Grade
Feb 18 2022 06: +0,0.61,39,Field-Tested,Mil-Spec Grade
Feb 18 2022 07: +0,0.611,41,Field-Tested,Mil-Spec Grade
Feb 18 2022 08: +0,0.644,65,Field-Tested,Mil-Spec Grade
Feb 18 2022 09: +0,0.611,86,Field-Tested,Mil-Spec Grade
Feb 18 2022 10: +0,0.611,89,Field-Tested,Mil-Spec Grade
Feb 18 2022 11: +0,0.62,75,Field-Tested,Mil-Spec Grade
Feb 18 2022 12: +0,0.61,93,Field-Tested,Mil-Spec Grade
Feb 18 2022 13: +0,0.63,227,Field-Tested,Mil-Spec Grade
Feb 18 2022 14: +0,0.64,289,Field-Tested,Mil-Spec Grade
Feb 18 2022 15: +0,0.63,161,Field-Tested,Mil-Spec Grade
Feb 18 2022 16: +0,0.622,156,Field-Tested,Mil-Spec Grade
Feb 18 2022 17: +0,0.63,147,Field-Tested,Mil-Spec Grade
Feb 18 2022 18: +0,0.64,181,Field-Tested,Mil-Spec Grade
Feb 18 2022 19: +0,0.61,135,Field-Tested,Mil-Spec Grade
Feb 18 2022 20: +0,0.602,166,Field-Tested,Mil-Spec Grade
Feb 18 2022 21: +0,0.613,139,Field-Tested,Mil-Spec Grade
Feb 18 2022 22: +0,0.613,142,Field-Tested,Mil-Spec Grade
Feb 18 2022 23: +0,0.626,105,Field-Tested,Mil-Spec Grade
Feb 19 2022 00: +0,0.616,64,Field-Tested,Mil-Spec Grade
Feb 19 2022 01: +0,0.601,95,Field-Tested,Mil-Spec Grade
Feb 19 2022 02: +0,0.6,53,Field-Tested,Mil-Spec Grade
Feb 19 2022 03: +0,0.626,35,Field-Tested,Mil-Spec Grade
Feb 19 2022 04: +0,0.63,61,Field-Tested,Mil-Spec Grade
Feb 19 2022 05: +0,0.64,54,Field-Tested,Mil-Spec Grade
Feb 19 2022 06: +0,0.641,46,Field-Tested,Mil-Spec Grade
Feb 19 2022 07: +0,0.678,210,Field-Tested,Mil-Spec Grade
Feb 19 2022 08: +0,0.627,81,Field-Tested,Mil-Spec Grade
Feb 19 2022 09: +0,0.666,95,Field-Tested,Mil-Spec Grade
Feb 19 2022 10: +0,0.652,99,Field-Tested,Mil-Spec Grade
Feb 19 2022 11: +0,0.613,103,Field-Tested,Mil-Spec Grade
Feb 19 2022 12: +0,0.62,114,Field-Tested,Mil-Spec Grade
Feb 19 2022 13: +0,0.62,133,Field-Tested,Mil-Spec Grade
Feb 19 2022 14: +0,0.63,154,Field-Tested,Mil-Spec Grade
Feb 19 2022 15: +0,0.631,162,Field-Tested,Mil-Spec Grade
Feb 19 2022 16: +0,0.653,162,Field-Tested,Mil-Spec Grade
Feb 19 2022 17: +0,0.652,159,Field-Tested,Mil-Spec Grade
Feb 19 2022 18: +0,0.626,171,Field-Tested,Mil-Spec Grade
Feb 19 2022 19: +0,0.611,172,Field-Tested,Mil-Spec Grade
Feb 19 2022 20: +0,0.62,159,Field-Tested,Mil-Spec Grade
Feb 19 2022 21: +0,0.613,176,Field-Tested,Mil-Spec Grade
Feb 19 2022 22: +0,0.613,148,Field-Tested,Mil-Spec Grade
Feb 19 2022 23: +0,0.622,122,Field-Tested,Mil-Spec Grade
Feb 20 2022 00: +0,0.6,121,Field-Tested,Mil-Spec Grade
Feb 20 2022 01: +0,0.609,72,Field-Tested,Mil-Spec Grade
Feb 20 2022 02: +0,0.63,63,Field-Tested,Mil-Spec Grade
Feb 20 2022 03: +0,0.61,73,Field-Tested,Mil-Spec Grade
Feb 20 2022 04: +0,0.66,106,Field-Tested,Mil-Spec Grade
Feb 20 2022 05: +0,0.613,44,Field-Tested,Mil-Spec Grade
Feb 20 2022 06: +0,0.626,84,Field-Tested,Mil-Spec Grade
Feb 20 2022 07: +0,0.605,53,Field-Tested,Mil-Spec Grade
Feb 20 2022 08: +0,0.6,67,Field-Tested,Mil-Spec Grade
Feb 20 2022 09: +0,0.613,90,Field-Tested,Mil-Spec Grade
Feb 20 2022 10: +0,0.635,146,Field-Tested,Mil-Spec Grade
Feb 20 2022 11: +0,0.613,105,Field-Tested,Mil-Spec Grade
Feb 20 2022 12: +0,0.614,128,Field-Tested,Mil-Spec Grade
Feb 20 2022 13: +0,0.613,114,Field-Tested,Mil-Spec Grade
Feb 20 2022 14: +0,0.607,158,Field-Tested,Mil-Spec Grade
Feb 20 2022 15: +0,0.595,171,Field-Tested,Mil-Spec Grade
Feb 20 2022 16: +0,0.604,224,Field-Tested,Mil-Spec Grade
Feb 20 2022 17: +0,0.589,192,Field-Tested,Mil-Spec Grade
Feb 20 2022 18: +0,0.58,159,Field-Tested,Mil-Spec Grade
Feb 20 2022 19: +0,0.58,196,Field-Tested,Mil-Spec Grade
Feb 20 2022 20: +0,0.58,204,Field-Tested,Mil-Spec Grade
Feb 20 2022 21: +0,0.587,150,Field-Tested,Mil-Spec Grade
Feb 20 2022 22: +0,0.58,133,Field-Tested,Mil-Spec Grade
Feb 20 2022 23: +0,0.587,130,Field-Tested,Mil-Spec Grade
Feb 21 2022 00: +0,0.586,88,Field-Tested,Mil-Spec Grade
Feb 21 2022 01: +0,0.59,70,Field-Tested,Mil-Spec Grade
Feb 21 2022 02: +0,0.58,55,Field-Tested,Mil-Spec Grade
Feb 21 2022 03: +0,0.582,46,Field-Tested,Mil-Spec Grade
Feb 21 2022 04: +0,0.59,37,Field-Tested,Mil-Spec Grade
Feb 21 2022 05: +0,0.627,74,Field-Tested,Mil-Spec Grade
Feb 21 2022 06: +0,0.59,40,Field-Tested,Mil-Spec Grade
Feb 21 2022 07: +0,0.59,33,Field-Tested,Mil-Spec Grade
Feb 21 2022 08: +0,0.59,52,Field-Tested,Mil-Spec Grade
Feb 21 2022 09: +0,0.601,67,Field-Tested,Mil-Spec Grade
Feb 21 2022 10: +0,0.6,80,Field-Tested,Mil-Spec Grade
Feb 21 2022 11: +0,0.599,82,Field-Tested,Mil-Spec Grade
Feb 21 2022 12: +0,0.6,81,Field-Tested,Mil-Spec Grade
Feb 21 2022 13: +0,0.59,77,Field-Tested,Mil-Spec Grade
Feb 21 2022 14: +0,0.58,121,Field-Tested,Mil-Spec Grade
Feb 21 2022 15: +0,0.6,147,Field-Tested,Mil-Spec Grade
Feb 21 2022 16: +0,0.58,111,Field-Tested,Mil-Spec Grade
Feb 21 2022 17: +0,0.584,166,Field-Tested,Mil-Spec Grade
Feb 21 2022 18: +0,0.573,114,Field-Tested,Mil-Spec Grade
Feb 21 2022 19: +0,0.574,162,Field-Tested,Mil-Spec Grade
Feb 21 2022 20: +0,0.579,146,Field-Tested,Mil-Spec Grade
Feb 21 2022 21: +0,0.574,152,Field-Tested,Mil-Spec Grade
Feb 21 2022 22: +0,0.573,93,Field-Tested,Mil-Spec Grade
Feb 21 2022 23: +0,0.548,86,Field-Tested,Mil-Spec Grade
Feb 22 2022 00: +0,0.574,47,Field-Tested,Mil-Spec Grade
Feb 22 2022 01: +0,0.598,45,Field-Tested,Mil-Spec Grade
Feb 22 2022 02: +0,0.605,44,Field-Tested,Mil-Spec Grade
Feb 22 2022 03: +0,0.574,36,Field-Tested,Mil-Spec Grade
Feb 22 2022 04: +0,0.58,45,Field-Tested,Mil-Spec Grade
Feb 22 2022 05: +0,0.58,48,Field-Tested,Mil-Spec Grade
Feb 22 2022 06: +0,0.6,42,Field-Tested,Mil-Spec Grade
Feb 22 2022 07: +0,0.61,59,Field-Tested,Mil-Spec Grade
Feb 22 2022 08: +0,0.608,67,Field-Tested,Mil-Spec Grade
Feb 22 2022 09: +0,0.61,86,Field-Tested,Mil-Spec Grade
Feb 22 2022 10: +0,0.6,74,Field-Tested,Mil-Spec Grade
Feb 22 2022 11: +0,0.6,89,Field-Tested,Mil-Spec Grade
Feb 22 2022 12: +0,0.61,107,Field-Tested,Mil-Spec Grade
Feb 22 2022 13: +0,0.6,130,Field-Tested,Mil-Spec Grade
Feb 22 2022 14: +0,0.613,99,Field-Tested,Mil-Spec Grade
Feb 22 2022 15: +0,0.59,174,Field-Tested,Mil-Spec Grade
Feb 22 2022 16: +0,0.59,151,Field-Tested,Mil-Spec Grade
Feb 22 2022 17: +0,0.587,164,Field-Tested,Mil-Spec Grade
Feb 22 2022 18: +0,0.58,174,Field-Tested,Mil-Spec Grade
Feb 22 2022 19: +0,0.587,125,Field-Tested,Mil-Spec Grade
Feb 22 2022 20: +0,0.573,112,Field-Tested,Mil-Spec Grade
Feb 22 2022 21: +0,0.57,135,Field-Tested,Mil-Spec Grade
Feb 22 2022 22: +0,0.561,75,Field-Tested,Mil-Spec Grade
Feb 22 2022 23: +0,0.55,66,Field-Tested,Mil-Spec Grade
Feb 23 2022 00: +0,0.574,70,Field-Tested,Mil-Spec Grade
Feb 23 2022 01: +0,0.567,32,Field-Tested,Mil-Spec Grade
Feb 23 2022 02: +0,0.55,38,Field-Tested,Mil-Spec Grade
Feb 23 2022 03: +0,0.559,32,Field-Tested,Mil-Spec Grade
Feb 23 2022 04: +0,0.57,64,Field-Tested,Mil-Spec Grade
Feb 23 2022 05: +0,0.573,62,Field-Tested,Mil-Spec Grade
Feb 23 2022 06: +0,0.565,34,Field-Tested,Mil-Spec Grade
Feb 23 2022 07: +0,0.565,27,Field-Tested,Mil-Spec Grade
Feb 23 2022 08: +0,0.567,127,Field-Tested,Mil-Spec Grade
Feb 23 2022 09: +0,0.567,111,Field-Tested,Mil-Spec Grade
Feb 23 2022 10: +0,0.567,90,Field-Tested,Mil-Spec Grade
Feb 23 2022 11: +0,0.55,72,Field-Tested,Mil-Spec Grade
Feb 23 2022 12: +0,0.564,84,Field-Tested,Mil-Spec Grade
Feb 23 2022 13: +0,0.564,84,Field-Tested,Mil-Spec Grade
Feb 23 2022 14: +0,0.55,89,Field-Tested,Mil-Spec Grade
Feb 23 2022 15: +0,0.55,104,Field-Tested,Mil-Spec Grade
Feb 23 2022 16: +0,0.564,112,Field-Tested,Mil-Spec Grade
Feb 23 2022 17: +0,0.55,130,Field-Tested,Mil-Spec Grade
Feb 23 2022 18: +0,0.561,86,Field-Tested,Mil-Spec Grade
Feb 23 2022 19: +0,0.567,144,Field-Tested,Mil-Spec Grade
Feb 23 2022 20: +0,0.564,123,Field-Tested,Mil-Spec Grade
Feb 23 2022 21: +0,0.567,135,Field-Tested,Mil-Spec Grade
Feb 23 2022 22: +0,0.565,131,Field-Tested,Mil-Spec Grade
Feb 23 2022 23: +0,0.565,130,Field-Tested,Mil-Spec Grade
Feb 24 2022 00: +0,0.55,48,Field-Tested,Mil-Spec Grade
Feb 24 2022 01: +0,0.568,138,Field-Tested,Mil-Spec Grade
Feb 24 2022 02: +0,0.568,51,Field-Tested,Mil-Spec Grade
Feb 24 2022 03: +0,0.567,31,Field-Tested,Mil-Spec Grade
Feb 24 2022 04: +0,0.557,26,Field-Tested,Mil-Spec Grade
Feb 24 2022 05: +0,0.566,22,Field-Tested,Mil-Spec Grade
Feb 24 2022 06: +0,0.55,21,Field-Tested,Mil-Spec Grade
Feb 24 2022 07: +0,0.567,65,Field-Tested,Mil-Spec Grade
Feb 24 2022 08: +0,0.569,47,Field-Tested,Mil-Spec Grade
Feb 24 2022 09: +0,0.57,104,Field-Tested,Mil-Spec Grade
Feb 24 2022 10: +0,0.578,78,Field-Tested,Mil-Spec Grade
Feb 24 2022 11: +0,0.578,98,Field-Tested,Mil-Spec Grade
Feb 24 2022 12: +0,0.58,92,Field-Tested,Mil-Spec Grade
Feb 24 2022 13: +0,0.58,92,Field-Tested,Mil-Spec Grade
Feb 24 2022 14: +0,0.58,83,Field-Tested,Mil-Spec Grade
Feb 24 2022 15: +0,0.58,100,Field-Tested,Mil-Spec Grade
Feb 24 2022 16: +0,0.58,84,Field-Tested,Mil-Spec Grade
Feb 24 2022 17: +0,0.57,83,Field-Tested,Mil-Spec Grade
Feb 24 2022 18: +0,0.543,74,Field-Tested,Mil-Spec Grade
Feb 24 2022 19: +0,0.576,100,Field-Tested,Mil-Spec Grade
Feb 24 2022 20: +0,0.578,104,Field-Tested,Mil-Spec Grade
Feb 24 2022 21: +0,0.55,73,Field-Tested,Mil-Spec Grade
Feb 24 2022 22: +0,0.55,55,Field-Tested,Mil-Spec Grade
Feb 24 2022 23: +0,0.55,67,Field-Tested,Mil-Spec Grade
Feb 25 2022 00: +0,0.544,32,Field-Tested,Mil-Spec Grade
Feb 25 2022 01: +0,0.55,22,Field-Tested,Mil-Spec Grade
Feb 25 2022 02: +0,0.544,24,Field-Tested,Mil-Spec Grade
Feb 25 2022 03: +0,0.543,20,Field-Tested,Mil-Spec Grade
Feb 25 2022 04: +0,0.55,20,Field-Tested,Mil-Spec Grade
Feb 25 2022 05: +0,0.55,20,Field-Tested,Mil-Spec Grade
Feb 25 2022 06: +0,0.53,40,Field-Tested,Mil-Spec Grade
Feb 25 2022 07: +0,0.55,21,Field-Tested,Mil-Spec Grade
Feb 25 2022 08: +0,0.544,27,Field-Tested,Mil-Spec Grade
Feb 25 2022 09: +0,0.55,57,Field-Tested,Mil-Spec Grade
Feb 25 2022 10: +0,0.55,67,Field-Tested,Mil-Spec Grade
Feb 25 2022 11: +0,0.55,65,Field-Tested,Mil-Spec Grade
Feb 25 2022 12: +0,0.55,58,Field-Tested,Mil-Spec Grade
Feb 25 2022 13: +0,0.55,66,Field-Tested,Mil-Spec Grade
Feb 25 2022 14: +0,0.567,109,Field-Tested,Mil-Spec Grade
Feb 25 2022 15: +0,0.55,80,Field-Tested,Mil-Spec Grade
Feb 25 2022 16: +0,0.55,70,Field-Tested,Mil-Spec Grade
Feb 25 2022 17: +0,0.55,76,Field-Tested,Mil-Spec Grade
Feb 25 2022 18: +0,0.55,82,Field-Tested,Mil-Spec Grade
Feb 25 2022 19: +0,0.55,101,Field-Tested,Mil-Spec Grade
Feb 25 2022 20: +0,0.55,74,Field-Tested,Mil-Spec Grade
Feb 25 2022 21: +0,0.55,67,Field-Tested,Mil-Spec Grade
Feb 25 2022 22: +0,0.55,120,Field-Tested,Mil-Spec Grade
Feb 25 2022 23: +0,0.54,74,Field-Tested,Mil-Spec Grade
Feb 26 2022 00: +0,0.54,36,Field-Tested,Mil-Spec Grade
Feb 26 2022 01: +0,0.535,38,Field-Tested,Mil-Spec Grade
Feb 26 2022 02: +0,0.53,25,Field-Tested,Mil-Spec Grade
Feb 26 2022 03: +0,0.53,22,Field-Tested,Mil-Spec Grade
Feb 26 2022 04: +0,0.53,19,Field-Tested,Mil-Spec Grade
Feb 26 2022 05: +0,0.535,32,Field-Tested,Mil-Spec Grade
Feb 26 2022 06: +0,0.545,28,Field-Tested,Mil-Spec Grade
Feb 26 2022 07: +0,0.535,30,Field-Tested,Mil-Spec Grade
Feb 26 2022 08: +0,0.53,41,Field-Tested,Mil-Spec Grade
Feb 26 2022 09: +0,0.825,145,Field-Tested,Mil-Spec Grade
Feb 26 2022 10: +0,0.551,69,Field-Tested,Mil-Spec Grade
Feb 26 2022 11: +0,0.554,116,Field-Tested,Mil-Spec Grade
Feb 26 2022 12: +0,0.54,117,Field-Tested,Mil-Spec Grade
Feb 26 2022 13: +0,0.564,78,Field-Tested,Mil-Spec Grade
Feb 26 2022 14: +0,0.564,122,Field-Tested,Mil-Spec Grade
Feb 26 2022 15: +0,0.564,65,Field-Tested,Mil-Spec Grade
Feb 26 2022 16: +0,0.55,95,Field-Tested,Mil-Spec Grade
Feb 26 2022 17: +0,0.55,64,Field-Tested,Mil-Spec Grade
Feb 26 2022 18: +0,0.538,85,Field-Tested,Mil-Spec Grade
Feb 26 2022 19: +0,0.54,77,Field-Tested,Mil-Spec Grade
Feb 26 2022 20: +0,0.546,76,Field-Tested,Mil-Spec Grade
Feb 26 2022 21: +0,0.53,72,Field-Tested,Mil-Spec Grade
Feb 26 2022 22: +0,0.535,79,Field-Tested,Mil-Spec Grade
Feb 26 2022 23: +0,0.539,62,Field-Tested,Mil-Spec Grade
Feb 27 2022 00: +0,0.538,43,Field-Tested,Mil-Spec Grade
Feb 27 2022 01: +0,0.536,37,Field-Tested,Mil-Spec Grade
Feb 27 2022 02: +0,0.54,56,Field-Tested,Mil-Spec Grade
Feb 27 2022 03: +0,0.545,36,Field-Tested,Mil-Spec Grade
Feb 27 2022 04: +0,0.538,25,Field-Tested,Mil-Spec Grade
Feb 27 2022 05: +0,0.53,29,Field-Tested,Mil-Spec Grade
Feb 27 2022 06: +0,0.545,107,Field-Tested,Mil-Spec Grade
Feb 27 2022 07: +0,0.53,31,Field-Tested,Mil-Spec Grade
Feb 27 2022 08: +0,0.53,39,Field-Tested,Mil-Spec Grade
Feb 27 2022 09: +0,0.53,79,Field-Tested,Mil-Spec Grade
Feb 27 2022 10: +0,0.55,91,Field-Tested,Mil-Spec Grade
Feb 27 2022 11: +0,0.562,97,Field-Tested,Mil-Spec Grade
Feb 27 2022 12: +0,0.568,127,Field-Tested,Mil-Spec Grade
Feb 27 2022 13: +0,0.54,150,Field-Tested,Mil-Spec Grade
Feb 27 2022 14: +0,0.562,108,Field-Tested,Mil-Spec Grade
Feb 27 2022 15: +0,0.551,72,Field-Tested,Mil-Spec Grade
Feb 27 2022 16: +0,0.562,91,Field-Tested,Mil-Spec Grade
Feb 27 2022 17: +0,0.562,78,Field-Tested,Mil-Spec Grade
Feb 27 2022 18: +0,0.563,93,Field-Tested,Mil-Spec Grade
Feb 27 2022 19: +0,0.562,82,Field-Tested,Mil-Spec Grade
Feb 27 2022 20: +0,0.575,145,Field-Tested,Mil-Spec Grade
Feb 27 2022 21: +0,0.561,85,Field-Tested,Mil-Spec Grade
Feb 27 2022 22: +0,0.557,79,Field-Tested,Mil-Spec Grade
Feb 27 2022 23: +0,0.55,55,Field-Tested,Mil-Spec Grade
Feb 28 2022 00: +0,0.545,49,Field-Tested,Mil-Spec Grade
Feb 28 2022 01: +0,0.545,38,Field-Tested,Mil-Spec Grade
Feb 28 2022 02: +0,0.545,23,Field-Tested,Mil-Spec Grade
Feb 28 2022 03: +0,0.532,26,Field-Tested,Mil-Spec Grade
Feb 28 2022 04: +0,0.536,16,Field-Tested,Mil-Spec Grade
Feb 28 2022 05: +0,0.544,20,Field-Tested,Mil-Spec Grade
Feb 28 2022 06: +0,0.557,69,Field-Tested,Mil-Spec Grade
Feb 28 2022 07: +0,0.691,156,Field-Tested,Mil-Spec Grade
Feb 28 2022 08: +0,0.552,33,Field-Tested,Mil-Spec Grade
Feb 28 2022 09: +0,0.55,33,Field-Tested,Mil-Spec Grade
Feb 28 2022 10: +0,0.55,58,Field-Tested,Mil-Spec Grade
Feb 28 2022 11: +0,0.546,75,Field-Tested,Mil-Spec Grade
Feb 28 2022 12: +0,0.544,106,Field-Tested,Mil-Spec Grade
Feb 28 2022 13: +0,0.552,68,Field-Tested,Mil-Spec Grade
Feb 28 2022 14: +0,0.59,466,Field-Tested,Mil-Spec Grade
Feb 28 2022 15: +0,0.705,1384,Field-Tested,Mil-Spec Grade
Feb 28 2022 16: +0,0.72,482,Field-Tested,Mil-Spec Grade
Feb 28 2022 17: +0,0.89,2064,Field-Tested,Mil-Spec Grade
Feb 28 2022 18: +0,1.1,868,Field-Tested,Mil-Spec Grade
Feb 28 2022 19: +0,0.882,630,Field-Tested,Mil-Spec Grade
Feb 28 2022 20: +0,0.84,598,Field-Tested,Mil-Spec Grade
Feb 28 2022 21: +0,0.963,390,Field-Tested,Mil-Spec Grade
Feb 28 2022 22: +0,0.91,242,Field-Tested,Mil-Spec Grade
Feb 28 2022 23: +0,0.877,196,Field-Tested,Mil-Spec Grade
Mar 01 2022 00: +0,1.03,412,Field-Tested,Mil-Spec Grade
Mar 01 2022 01: +0,1.182,355,Field-Tested,Mil-Spec Grade
Mar 01 2022 02: +0,1.136,298,Field-Tested,Mil-Spec Grade
Mar 01 2022 03: +0,1.084,381,Field-Tested,Mil-Spec Grade
Mar 01 2022 04: +0,1.106,219,Field-Tested,Mil-Spec Grade
Mar 01 2022 05: +0,1.137,325,Field-Tested,Mil-Spec Grade
Mar 01 2022 06: +0,1.277,280,Field-Tested,Mil-Spec Grade
Mar 01 2022 07: +0,1.208,235,Field-Tested,Mil-Spec Grade
Mar 01 2022 08: +0,1.12,287,Field-Tested,Mil-Spec Grade
Mar 01 2022 09: +0,1.093,280,Field-Tested,Mil-Spec Grade
Mar 01 2022 10: +0,1.115,321,Field-Tested,Mil-Spec Grade
Mar 01 2022 11: +0,1.15,354,Field-Tested,Mil-Spec Grade
Mar 01 2022 12: +0,1.133,427,Field-Tested,Mil-Spec Grade
Mar 01 2022 13: +0,1.148,317,Field-Tested,Mil-Spec Grade
Mar 01 2022 14: +0,1.131,291,Field-Tested,Mil-Spec Grade
Mar 01 2022 15: +0,1.11,234,Field-Tested,Mil-Spec Grade
Mar 01 2022 16: +0,1.115,319,Field-Tested,Mil-Spec Grade
Mar 01 2022 17: +0,1.122,281,Field-Tested,Mil-Spec Grade
Mar 01 2022 18: +0,1.234,386,Field-Tested,Mil-Spec Grade
Mar 01 2022 19: +0,1.256,428,Field-Tested,Mil-Spec Grade
Mar 01 2022 20: +0,1.29,244,Field-Tested,Mil-Spec Grade
Mar 01 2022 21: +0,1.133,133,Field-Tested,Mil-Spec Grade
Mar 01 2022 22: +0,1.1,124,Field-Tested,Mil-Spec Grade
Mar 01 2022 23: +0,1.106,72,Field-Tested,Mil-Spec Grade
Mar 02 2022 00: +0,1.115,75,Field-Tested,Mil-Spec Grade
Mar 02 2022 01: +0,1.12,83,Field-Tested,Mil-Spec Grade
Mar 02 2022 02: +0,1.195,99,Field-Tested,Mil-Spec Grade
Mar 02 2022 03: +0,1.43,495,Field-Tested,Mil-Spec Grade
Mar 02 2022 04: +0,1.898,308,Field-Tested,Mil-Spec Grade
Mar 02 2022 05: +0,1.76,259,Field-Tested,Mil-Spec Grade
Mar 02 2022 06: +0,1.711,371,Field-Tested,Mil-Spec Grade
Mar 02 2022 07: +0,1.62,256,Field-Tested,Mil-Spec Grade
Mar 02 2022 08: +0,1.38,316,Field-Tested,Mil-Spec Grade
Mar 02 2022 09: +0,1.394,333,Field-Tested,Mil-Spec Grade
Mar 02 2022 10: +0,1.639,424,Field-Tested,Mil-Spec Grade
Mar 02 2022 11: +0,1.7,509,Field-Tested,Mil-Spec Grade
Mar 02 2022 12: +0,2.025,824,Field-Tested,Mil-Spec Grade
Mar 02 2022 13: +0,1.917,630,Field-Tested,Mil-Spec Grade
Mar 02 2022 14: +0,1.713,523,Field-Tested,Mil-Spec Grade
Mar 02 2022 15: +0,1.639,404,Field-Tested,Mil-Spec Grade
Mar 02 2022 16: +0,1.659,382,Field-Tested,Mil-Spec Grade
Mar 02 2022 17: +0,1.668,315,Field-Tested,Mil-Spec Grade
Mar 02 2022 18: +0,1.608,210,Field-Tested,Mil-Spec Grade
Mar 02 2022 19: +0,1.44,220,Field-Tested,Mil-Spec Grade
Mar 02 2022 20: +0,1.449,198,Field-Tested,Mil-Spec Grade
Mar 02 2022 21: +0,1.469,332,Field-Tested,Mil-Spec Grade
Mar 02 2022 22: +0,1.648,166,Field-Tested,Mil-Spec Grade
Mar 02 2022 23: +0,1.453,88,Field-Tested,Mil-Spec Grade
Mar 03 2022 00: +0,1.431,95,Field-Tested,Mil-Spec Grade
Mar 03 2022 01: +0,1.376,106,Field-Tested,Mil-Spec Grade
Mar 03 2022 02: +0,1.478,138,Field-Tested,Mil-Spec Grade
Mar 03 2022 03: +0,1.536,117,Field-Tested,Mil-Spec Grade
Mar 03 2022 04: +0,1.7,103,Field-Tested,Mil-Spec Grade
Mar 03 2022 05: +0,1.58,85,Field-Tested,Mil-Spec Grade
Mar 03 2022 06: +0,1.56,267,Field-Tested,Mil-Spec Grade
Mar 03 2022 07: +0,1.51,100,Field-Tested,Mil-Spec Grade
Mar 03 2022 08: +0,1.53,120,Field-Tested,Mil-Spec Grade
Mar 03 2022 09: +0,1.56,203,Field-Tested,Mil-Spec Grade
Mar 03 2022 10: +0,1.54,183,Field-Tested,Mil-Spec Grade
Mar 03 2022 11: +0,1.53,171,Field-Tested,Mil-Spec Grade
Mar 03 2022 12: +0,1.542,221,Field-Tested,Mil-Spec Grade
